{
  "hash": "0a1920bacc89c1ff7b30e3c1912d4657",
  "result": {
    "engine": "knitr",
    "markdown": "---\ntitle: \"About\"\n---\n\n\n\n\n\n\n\n\nAbout this site\n\n\n\n\n\n\n\n\n::: {.cell}\n\n```{.r .cell-code}\n1 + 1\n```\n\n::: {.cell-output .cell-output-stdout}\n\n```\n[1] 2\n```\n\n\n:::\n:::\n",
    "supporting": [
      "about_files"
    ],
    "filters": [
      "rmarkdown/pagebreak.lua"
    ],
    "includes": {},
    "engineDependencies": {},
    "preserve": {},
    "postProcess": true
  }
}